{
    "stance": [
        -1,
        -1,
        -1,
        -1,
        -1
    ],
    "orderid": "PAPER_TRADE",
    "side": "sell",
    "comm_to_open": 220.5276636253347,
    "comm_to_close": 226.04085521596804,
    "cost_to_open": 88211.06545013387,
    "cost_to_close": 90416.34208638722,
    "qty": 0,
    "entry_price": 122.21336104880972,
    "exit_price": 125.26869507502995,
    "mark_price": 119.185,
    "cash": 85643.40786724233,
    "currency": "USD",
    "can_trade": false,
    "symbol_trading": "LTC/USD",
    "exchange": "kraken",
    "equity": 85643.40786724233,
    "leverage": 2
}