{
    "stance": [
        1,
        1,
        1,
        1,
        1
    ],
    "orderid": "PAPER_TRADE",
    "side": "buy",
    "comm_to_open": 241.31219220551986,
    "comm_to_close": null,
    "cost_to_open": 96524.87688220794,
    "cost_to_close": null,
    "qty": 11.701119730665754,
    "entry_price": 8249.2,
    "exit_price": null,
    "mark_price": 12296.5,
    "cash": -241.89724819203548,
    "currency": "USD",
    "can_trade": true,
    "equity": 143640.92151993938,
    "leverage": 1
}