{
    "stance": [
        -1,
        -1,
        -1,
        -1,
        -1
    ],
    "orderid": "PAPER_TRADE",
    "side": "sell",
    "comm_to_open": 206.5515535889133,
    "comm_to_close": 211.71534242863612,
    "cost_to_open": 82620.62143556532,
    "cost_to_close": 84686.13697145444,
    "qty": 0,
    "entry_price": 399.2,
    "exit_price": 409.17999999999995,
    "mark_price": 440.6,
    "cash": 80178.23210057025,
    "currency": "USD",
    "can_trade": false,
    "symbol_trading": "BCH/USD",
    "exchange": "kraken",
    "equity": 80178.23210057025,
    "leverage": 2
}